{
"down":[["D_protag_down_1","D_protag_down_2","D_protag_down_3","D_protag_down_4"],[true,5]],
"up":[["d_protag_back_1","d_protag_back_2","d_protag_back_3","d_protag_back_4"],[true,5]],
"side":[["d_side_1","d_side_2","d_side_3","d_side_4"],[true,5]],
"idle":[["idle_0n","idle_1n","idle_2n","idle_3n"],[true,18]],
"cdown":[["crawl1","crawl2","crawl3"],[true,5]],
"cup":[["crawl1","crawl2","crawl3"],[true,5]],
"cside":[["crawl1","crawl2","crawl3"],[true,5]],
"cidle":[["cidle1","cidle2"],[true,18]],
"btn":["btn",false],
"btnp":["btnp",false],
"menu":[["menu1","menu2"],[true,60]],
"bullet1":["D_knife",true]
}
